team_id,opp_id,games,wins,losses,ties,pf,pa,point_diff
1,2,34,18,16,0,3412.0,3298.0,114.0
1,3,18,11,7,0,1758.0,1476.0,282.0
1,4,23,11,12,0,2539.0,2500.0,39.0
1,5,19,10,9,0,1942.0,1953.0,-11.0
1,6,20,9,10,1,2105.0,2176.0,-71.0
1,7,21,12,8,1,2407.0,2286.0,121.0
1,8,15,7,8,0,1390.0,1444.0,-54.0
1,9,13,9,4,0,1240.0,1136.0,104.0
1,10,30,16,14,0,2866.0,2747.0,119.0
1,11,12,6,6,0,1095.0,1039.0,56.0
1,12,25,14,11,0,2308.0,2259.0,49.0
2,1,34,16,18,0,3298.0,3412.0,-114.0
2,3,19,9,9,1,1494.0,1647.0,-153.0
2,4,21,14,7,0,2162.0,1992.0,170.0
2,5,22,8,14,0,2438.0,2698.0,-260.0
2,6,20,8,12,0,2076.0,2133.0,-57.0
2,7,17,8,9,0,1702.0,1590.0,112.0
2,8,18,11,7,0,1775.0,1664.0,111.0
2,9,15,5,10,0,1441.0,1475.0,-34.0
2,10,26,11,14,1,2133.0,2222.0,-89.0
2,11,12,5,7,0,1103.0,1145.0,-42.0
2,12,26,16,9,1,2525.0,2364.0,161.0
3,1,18,7,11,0,1476.0,1758.0,-282.0
3,2,19,9,9,1,1647.0,1494.0,153.0
3,4,20,7,12,1,1838.0,2042.0,-204.0
3,5,31,8,23,0,2654.0,3114.0,-460.0
3,6,18,10,8,0,1913.0,1784.0,129.0
3,7,19,4,15,0,1723.0,2119.0,-396.0
3,8,21,10,11,0,2112.0,2051.0,61.0
3,9,27,10,17,0,2435.0,2827.0,-392.0
3,10,15,5,10,0,1333.0,1321.0,12.0
3,11,28,18,9,1,2651.0,2425.0,226.0
3,12,14,6,8,0,1377.0,1286.0,91.0
4,1,23,12,11,0,2500.0,2539.0,-39.0
4,2,21,7,14,0,1992.0,2162.0,-170.0
4,3,20,12,7,1,2042.0,1838.0,204.0
4,5,21,10,11,0,2092.0,2341.0,-249.0
4,6,32,15,15,2,3082.0,3089.0,-7.0
4,7,29,10,19,0,2484.0,2665.0,-181.0
4,8,30,18,12,0,2734.0,2650.0,84.0
4,9,13,3,10,0,1173.0,1290.0,-117.0
4,10,13,6,7,0,1133.0,1178.0,-45.0
4,11,13,5,8,0,1105.0,1377.0,-272.0
4,12,15,8,7,0,1619.0,1579.0,40.0
5,1,19,9,10,0,1953.0,1942.0,11.0
5,2,22,14,8,0,2698.0,2438.0,260.0
5,3,31,23,8,0,3114.0,2654.0,460.0
5,4,21,11,10,0,2341.0,2092.0,249.0
5,6,19,13,5,1,2077.0,1962.0,115.0
5,7,18,11,7,0,1817.0,1735.0,82.0
5,8,19,14,5,0,2140.0,1789.0,351.0
5,9,29,11,17,1,2684.0,2750.0,-66.0
5,10,16,12,4,0,1879.0,1733.0,146.0
5,11,24,19,5,0,2545.0,2180.0,365.0
5,12,12,6,6,0,1237.0,1099.0,138.0
6,1,20,10,9,1,2176.0,2105.0,71.0
6,2,20,12,8,0,2133.0,2076.0,57.0
6,3,18,8,10,0,1784.0,1913.0,-129.0
6,4,32,15,15,2,3089.0,3082.0,7.0
6,5,19,5,13,1,1962.0,2077.0,-115.0
6,7,32,17,14,1,3153.0,3032.0,121.0
6,8,31,20,11,0,2938.0,2586.0,352.0
6,9,17,7,10,0,1748.0,1965.0,-217.0
6,10,16,7,9,0,1628.0,1576.0,52.0
6,11,12,5,7,0,1113.0,1146.0,-33.0
6,12,13,5,8,0,1312.0,1268.0,44.0
7,1,21,8,12,1,2286.0,2407.0,-121.0
7,2,17,9,8,0,1590.0,1702.0,-112.0
7,3,19,15,4,0,2119.0,1723.0,396.0
7,4,29,19,10,0,2665.0,2484.0,181.0
7,5,18,7,11,0,1735.0,1817.0,-82.0
7,6,32,14,17,1,3032.0,3153.0,-121.0
7,8,34,15,19,0,3252.0,3525.0,-273.0
7,9,14,5,9,0,1220.0,1458.0,-238.0
7,10,16,7,9,0,1620.0,1648.0,-28.0
7,11,19,10,9,0,2082.0,2093.0,-11.0
7,12,11,7,4,0,1230.0,1057.0,173.0
8,1,15,8,7,0,1444.0,1390.0,54.0
8,2,18,7,11,0,1664.0,1775.0,-111.0
8,3,21,11,10,0,2051.0,2112.0,-61.0
8,4,30,12,18,0,2650.0,2734.0,-84.0
8,5,19,5,14,0,1789.0,2140.0,-351.0
8,6,31,11,20,0,2586.0,2938.0,-352.0
8,7,34,19,15,0,3525.0,3252.0,273.0
8,9,16,5,10,1,1469.0,1711.0,-242.0
8,10,14,8,6,0,1382.0,1353.0,29.0
8,11,16,8,8,0,1504.0,1605.0,-101.0
8,12,16,9,7,0,1716.0,1631.0,85.0
9,1,13,4,9,0,1136.0,1240.0,-104.0
9,2,15,10,5,0,1475.0,1441.0,34.0
9,3,27,17,10,0,2827.0,2435.0,392.0
9,4,13,10,3,0,1290.0,1173.0,117.0
9,5,29,17,11,1,2750.0,2684.0,66.0
9,6,17,10,7,0,1965.0,1748.0,217.0
9,7,14,9,5,0,1458.0,1220.0,238.0
9,8,16,10,5,1,1711.0,1469.0,242.0
9,10,15,8,7,0,1615.0,1611.0,4.0
9,11,26,17,8,1,2494.0,2323.0,171.0
9,12,15,10,5,0,1616.0,1400.0,216.0
10,1,30,14,16,0,2747.0,2866.0,-119.0
10,2,26,14,11,1,2222.0,2133.0,89.0
10,3,15,10,5,0,1321.0,1333.0,-12.0
10,4,13,7,6,0,1178.0,1133.0,45.0
10,5,16,4,12,0,1733.0,1879.0,-146.0
10,6,16,9,7,0,1576.0,1628.0,-52.0
10,7,16,9,7,0,1648.0,1620.0,28.0
10,8,14,6,8,0,1353.0,1382.0,-29.0
10,9,15,7,8,0,1611.0,1615.0,-4.0
10,11,12,4,8,0,967.0,1104.0,-137.0
10,12,27,9,18,0,2479.0,2729.0,-250.0
11,1,12,6,6,0,1039.0,1095.0,-56.0
11,2,12,7,5,0,1145.0,1103.0,42.0
11,3,28,9,18,1,2425.0,2651.0,-226.0
11,4,13,8,5,0,1377.0,1105.0,272.0
11,5,24,5,19,0,2180.0,2545.0,-365.0
11,6,12,7,5,0,1146.0,1113.0,33.0
11,7,19,9,10,0,2093.0,2082.0,11.0
11,8,16,8,8,0,1605.0,1504.0,101.0
11,9,26,8,17,1,2323.0,2494.0,-171.0
11,10,12,8,4,0,1104.0,967.0,137.0
11,12,11,4,7,0,983.0,1062.0,-79.0
12,1,25,11,14,0,2259.0,2308.0,-49.0
12,2,26,9,16,1,2364.0,2525.0,-161.0
12,3,14,8,6,0,1286.0,1377.0,-91.0
12,4,15,7,8,0,1579.0,1619.0,-40.0
12,5,12,6,6,0,1099.0,1237.0,-138.0
12,6,13,8,5,0,1268.0,1312.0,-44.0
12,7,11,4,7,0,1057.0,1230.0,-173.0
12,8,16,7,9,0,1631.0,1716.0,-85.0
12,9,15,5,10,0,1400.0,1616.0,-216.0
12,10,27,18,9,0,2729.0,2479.0,250.0
12,11,11,7,4,0,1062.0,983.0,79.0
